DAY,HOUR,PUN INDEX GME,AUST,BSP,CALA,CNOR,COAC,CORS,CSUD,FRAN,GREC,MALT,MONT,NORD,SARD,SICI,SLOV,SUD,SVIZ,XAUS,XFRA,XGRE
20260101,1,110.00,110,110,110,110,110,110,110,110,110,110,110,110,110,110,110,110,110,110,110,110.00
20260101,2,109.00,109,109,109,109,109,109,109,109,109,109,109,109,109,109,109,109,109,109,109,109.00
20260101,3,108.19,108,108,108,108,108,108,108,108,108,108,108,108,108,108,108,108,108,108,108,108.19
20260101,4,105.10,105,105,105,105,105,105,105,105,105,105,105,105,105,105,105,105,105,105,105,105.10
20260101,5,98.92,99,99,99,99,99,99,99,99,99,99,99,99,99,99,99,99,99,99,99,98.92
20260101,6,98.76,99,99,99,99,99,99,99,99,99,99,99,99,99,99,99,99,99,99,99,98.76
20260101,7,105.10,105,105,105,105,105,105,105,105,105,105,105,105,105,105,105,105,105,105,105,105.10
20260101,8,109.99,110,110,110,110,110,110,110,110,110,110,110,110,110,110,110,110,110,110,110,109.99
20260101,9,105.10,105,105,105,105,105,105,105,105,105,105,105,105,105,105,105,105,105,105,105,105.10
20260101,10,104.28,104,104,104,104,104,104,104,104,104,104,104,104,104,104,104,104,104,104,104,104.28
20260101,11,96.34,96,96,96,96,96,96,96,96,96,96,96,96,96,96,96,96,96,96,96,96.34
20260101,12,97.61,98,98,98,98,98,98,98,98,98,98,98,98,98,98,98,98,98,98,98,97.61
20260101,13,99.06,99,99,99,99,99,99,99,99,99,99,99,99,99,99,99,99,99,99,99,99.06
20260101,14,92.76,93,93,93,93,93,93,93,93,93,93,93,93,93,93,93,93,93,93,93,92.76
20260101,15,96.03,96,96,96,96,96,96,96,96,96,96,96,96,96,96,96,96,96,96,96,96.03
20260101,16,105.10,105,105,105,105,105,105,105,105,105,105,105,105,105,105,105,105,105,105,105,105.10
20260101,17,111.46,111,111,111,111,111,111,111,111,111,111,111,111,111,111,111,111,111,111,111,111.46
20260101,18,120.00,120,120,120,120,120,120,120,120,120,120,120,120,120,120,120,120,120,120,120,120.00
20260101,19,120.32,120,120,120,120,120,120,120,120,120,120,120,120,120,120,120,120,120,120,120,120.32
20260101,20,120.41,120,120,120,120,120,120,120,120,120,120,120,120,120,120,120,120,120,120,120,120.41
20260101,21,118.95,119,119,119,119,119,119,119,119,119,119,119,119,119,119,119,119,119,119,119,118.95
20260101,22,115.00,115,115,115,115,115,115,115,115,115,115,115,115,115,115,115,115,115,115,115,115.00
20260101,23,109.28,109,109,109,109,109,109,109,109,109,109,109,109,109,109,109,109,109,109,109,109.28
20260101,24,97.88,98,98,98,98,98,98,98,98,98,98,98,98,98,98,98,98,98,98,98,97.88
20260102,1,102.73,103,103,103,103,103,103,103,103,103,103,103,103,103,103,103,103,103,103,103,102.73
20260102,2,95.05,95,95,95,95,95,95,95,95,95,95,95,95,95,95,95,95,95,95,95,95.05
20260102,3,92.30,92,92,92,92,92,92,92,92,92,92,92,92,92,92,92,92,92,92,92,92.30
20260102,4,90.10,90,90,90,90,90,90,90,90,90,90,90,90,90,90,90,90,90,90,90,90.10
20260102,5,90.00,90,90,90,90,90,90,90,90,90,90,90,90,90,90,90,90,90,90,90,90.00
20260102,6,91.66,92,92,92,92,92,92,92,92,92,92,92,92,92,92,92,92,92,92,92,91.66
20260102,7,105.45,105,105,105,105,105,105,105,105,105,105,105,105,105,105,105,105,105,105,105,105.45
20260102,8,112.82,113,113,113,113,113,113,113,113,113,113,113,113,113,113,113,113,113,113,113,112.82
20260102,9,119.50,121,121,113,121,121,121,121,121,113,113,121,121,121,113,121,113,121,121,121,112.63
20260102,10,119.32,119,119,118,119,119,119,119,119,118,118,119,119,119,118,119,118,119,119,119,118.33
20260102,11,109.66,110,110,105,110,110,110,110,110,105,105,110,110,110,105,110,105,110,110,110,105.10
20260102,12,100.92,104,104,83,104,104,104,104,104,83,83,104,104,104,83,104,83,104,104,104,83.01
20260102,13,92.73,98,98,60,98,98,98,98,98,60,60,98,98,98,60,98,60,98,98,98,60.00
20260102,14,92.47,96,96,74,96,87,96,96,96,74,74,96,96,87,74,96,74,96,96,96,74.48
20260102,15,98.22,100,100,93,100,88,100,100,100,93,93,100,100,88,93,100,93,100,100,100,92.85
20260102,16,109.37,110,110,106,110,110,110,110,110,106,106,110,110,110,106,110,106,110,110,110,106.01
20260102,17,116.23,116,116,116,116,116,116,116,116,116,116,116,116,116,116,116,116,116,116,116,116.23
20260102,18,120.91,121,121,121,121,121,121,121,121,121,121,121,121,121,121,121,121,121,121,121,120.91
20260102,19,116.02,116,116,116,116,108,116,116,116,116,116,116,116,108,116,116,116,116,116,116,116.28
20260102,20,118.93,119,119,119,119,114,119,119,119,119,119,119,119,114,119,119,119,119,119,119,119.10
20260102,21,114.91,115,115,115,115,112,115,115,115,115,115,115,115,112,115,115,115,115,115,115,115.00
20260102,22,110.00,110,110,110,110,110,110,110,110,110,110,110,110,110,110,110,110,110,110,110,110.00
20260102,23,105.10,105,105,105,105,105,105,105,105,105,105,105,105,105,105,105,105,105,105,105,105.10
20260102,24,97.37,97,97,97,97,97,97,97,97,97,97,97,97,97,97,97,97,97,97,97,97.37
20260103,1,99.57,100,100,100,100,100,100,100,100,100,100,100,100,100,100,100,100,100,100,100,99.57
20260103,2,92.08,92,92,92,92,92,92,92,92,92,92,92,92,92,92,92,92,92,92,92,92.08
20260103,3,89.94,90,90,90,90,90,90,90,90,90,90,90,90,90,90,90,90,90,90,90,89.94
20260103,4,93.20,93,93,93,93,93,93,93,93,93,93,93,93,93,93,93,93,93,93,93,93.20
20260103,5,94.20,94,94,94,94,94,94,94,94,94,94,94,94,94,94,94,94,94,94,94,94.20
20260103,6,98.22,98,98,98,98,98,98,98,98,98,98,98,98,98,98,98,98,98,98,98,98.22
20260103,7,105.10,105,105,105,105,105,105,105,105,105,105,105,105,105,105,105,105,105,105,105,105.10
20260103,8,110.20,110,110,110,110,110,110,110,110,110,110,110,110,110,110,110,110,110,110,110,110.20
20260103,9,113.40,113,113,113,113,113,113,113,113,113,113,113,113,113,113,113,113,113,113,113,113.40
20260103,10,112.08,112,112,112,112,112,112,112,112,112,112,112,112,112,112,112,112,112,112,112,112.00
20260103,11,105.10,105,105,105,105,105,105,105,105,105,105,105,105,105,105,105,105,105,105,105,105.10
20260103,12,96.40,98,98,85,98,98,98,98,98,85,85,98,98,98,85,98,85,98,98,98,85.11
20260103,13,92.26,94,94,84,94,94,94,94,94,84,84,94,94,94,84,94,84,94,94,94,83.91
20260103,14,93.32,94,94,89,94,94,94,94,94,89,89,94,94,94,89,94,89,94,94,94,89.31
20260103,15,99.27,99,99,99,99,99,99,99,99,99,99,99,99,99,99,99,99,99,99,99,99.27
20260103,16,104.86,105,105,104,105,105,105,105,105,104,104,105,105,105,104,105,104,105,105,105,103.54
20260103,17,110.00,110,110,110,110,110,110,110,110,110,110,110,110,110,110,110,110,110,110,110,110.00
20260103,18,118.68,119,119,119,119,119,119,119,119,119,119,119,119,119,119,119,119,119,119,119,118.68
20260103,19,116.66,117,117,117,117,117,117,117,117,117,117,117,117,117,117,117,117,117,117,117,116.66
20260103,20,121.20,121,121,121,121,121,121,121,121,121,121,121,121,121,121,121,121,121,121,121,121.20
20260103,21,117.67,118,118,118,118,118,118,118,118,118,118,118,118,118,118,118,118,118,118,118,117.67
20260103,22,110.00,110,110,110,110,110,110,110,110,110,110,110,110,110,110,110,110,110,110,110,110.00
20260103,23,105.10,105,105,105,105,105,105,105,105,105,105,105,105,105,105,105,105,105,105,105,105.10
20260103,24,101.01,101,101,101,101,101,101,101,101,101,101,101,101,101,101,101,101,101,101,101,101.01
20260104,1,101.75,102,102,102,102,102,102,102,102,102,102,102,102,102,102,102,102,102,102,102,101.75
20260104,2,94.07,94,94,94,94,94,94,94,94,94,94,94,94,94,94,94,94,94,94,94,94.07
20260104,3,93.60,94,94,94,94,94,94,94,94,94,94,94,94,94,94,94,94,94,94,94,93.60
20260104,4,94.44,94,94,94,94,94,94,94,94,94,94,94,94,94,94,94,94,94,94,94,94.44
20260104,5,97.00,97,97,97,97,97,97,97,97,97,97,97,97,97,97,97,97,97,97,97,97.00
20260104,6,91.49,91,91,91,91,91,91,91,91,91,91,91,91,91,91,91,91,91,91,91,91.49
20260104,7,99.36,99,99,99,99,99,99,99,99,99,99,99,99,99,99,99,99,99,99,99,99.36
20260104,8,105.10,105,105,105,105,105,105,105,105,105,105,105,105,105,105,105,105,105,105,105,105.10
20260104,9,111.50,112,112,112,112,112,112,112,112,112,112,112,112,112,112,112,112,112,112,112,111.50
20260104,10,107.41,107,107,107,107,107,107,107,107,107,107,107,107,107,107,107,107,107,107,107,107.41
20260104,11,105.10,105,105,105,105,105,105,105,105,105,105,105,105,105,105,105,105,105,105,105,105.10
20260104,12,105.10,105,105,105,105,105,105,105,105,105,105,105,105,105,105,105,105,105,105,105,105.10
20260104,13,105.10,105,105,105,105,105,105,105,105,105,105,105,105,105,105,105,105,105,105,105,105.10
20260104,14,100.07,100,100,100,100,100,100,100,100,100,100,100,100,100,100,100,100,100,100,100,100.07
20260104,15,105.10,105,105,105,105,105,105,105,105,105,105,105,105,105,105,105,105,105,105,105,105.10
20260104,16,113.41,113,113,113,113,113,113,113,113,113,113,113,113,113,113,113,113,113,113,113,113.41
20260104,17,114.00,114,114,114,114,114,114,114,114,114,114,114,114,114,114,114,114,114,114,114,114.00
20260104,18,120.00,120,120,120,120,120,120,120,120,120,120,120,120,120,120,120,120,120,120,120,120.00
20260104,19,121.68,122,122,122,122,122,122,122,122,122,122,122,122,122,122,122,122,122,122,122,121.68
20260104,20,123.00,123,123,123,123,123,123,123,123,123,123,123,123,123,123,123,123,123,123,123,123.00
20260104,21,119.40,119,119,119,119,119,119,119,119,119,119,119,119,119,119,119,119,119,119,119,119.40
20260104,22,115.00,115,115,115,115,115,115,115,115,115,115,115,115,115,115,115,115,115,115,115,115.00
20260104,23,111.39,111,111,111,111,111,111,111,111,111,111,111,111,111,111,111,111,111,111,111,111.39
20260104,24,105.90,106,106,106,106,106,106,106,106,106,106,106,106,106,106,106,106,106,106,106,105.90
20260105,1,110.00,110,110,110,110,110,110,110,110,110,110,110,110,110,110,110,110,110,110,110,110.00
20260105,2,105.10,105,105,105,105,105,105,105,105,105,105,105,105,105,105,105,105,105,105,105,105.10
20260105,3,102.42,102,102,102,102,102,102,102,102,102,102,102,102,102,102,102,102,102,102,102,102.42
20260105,4,105.10,105,105,105,105,105,105,105,105,105,105,105,105,105,105,105,105,105,105,105,105.10
20260105,5,101.43,101,101,101,101,101,101,101,101,101,101,101,101,101,101,101,101,101,101,101,101.43
20260105,6,105.10,105,105,105,105,105,105,105,105,105,105,105,105,105,105,105,105,105,105,105,105.10
20260105,7,109.68,110,110,110,110,110,110,110,110,110,110,110,110,110,110,110,110,110,110,110,109.68
20260105,8,123.00,123,123,123,123,123,123,123,123,123,123,123,123,123,123,123,123,123,123,123,123.00
20260105,9,134.87,135,135,135,135,135,135,135,135,135,135,135,135,135,135,135,135,135,135,135,134.87
20260105,10,139.56,140,140,140,140,140,140,140,140,140,140,140,140,140,140,140,140,140,140,140,139.56
20260105,11,130.00,130,130,130,130,130,130,130,130,130,130,130,130,130,130,130,130,130,130,130,130.00
20260105,12,126.21,126,126,126,126,126,126,126,126,126,126,126,126,126,126,126,126,126,126,126,126.21
20260105,13,120.08,120,120,120,120,120,120,120,120,120,120,120,120,120,120,120,120,120,120,120,120.08
20260105,14,113.92,114,114,114,114,114,114,114,114,114,114,114,114,114,114,114,114,114,114,114,113.92
20260105,15,117.08,117,117,117,117,117,117,117,117,117,117,117,117,117,117,117,117,117,117,117,117.08
20260105,16,126.30,126,126,126,126,126,126,126,126,126,126,126,126,126,126,126,126,126,126,126,126.30
20260105,17,140.00,140,140,140,140,140,140,140,140,140,140,140,140,140,140,140,140,140,140,140,140.00
20260105,18,148.69,149,149,149,149,149,149,149,149,149,149,149,149,149,149,149,149,149,149,149,148.69
20260105,19,142.08,142,142,142,142,142,142,142,142,142,142,142,142,142,142,142,142,142,142,142,142.08
20260105,20,140.40,140,140,140,140,140,140,140,140,140,140,140,140,140,140,140,140,140,140,140,140.40
20260105,21,137.65,138,138,138,138,138,138,138,138,138,138,138,138,138,138,138,138,138,138,138,137.65
20260105,22,129.10,129,129,129,129,129,129,129,129,129,129,129,129,129,129,129,129,129,129,129,129.10
20260105,23,123.85,124,124,124,124,124,124,124,124,124,124,124,124,124,124,124,124,124,124,124,123.85
20260105,24,111.30,111,111,111,111,111,111,111,111,111,111,111,111,111,111,111,111,111,111,111,111.30
20260106,1,109.28,109,109,109,109,109,109,109,109,109,109,109,109,109,109,109,109,109,109,109,109.28
20260106,2,104.92,105,105,105,105,105,105,105,105,105,105,105,105,105,105,105,105,105,105,105,104.92
20260106,3,103.32,103,103,103,103,103,103,103,103,103,103,103,103,103,103,103,103,103,103,103,103.32
20260106,4,100.75,101,101,101,101,101,101,101,101,101,101,101,101,101,101,101,101,101,101,101,100.75
20260106,5,103.05,103,103,103,103,103,103,103,103,103,103,103,103,103,103,103,103,103,103,103,103.05
20260106,6,107.00,107,107,107,107,107,107,107,107,107,107,107,107,107,107,107,107,107,107,107,107.00
20260106,7,118.17,118,118,118,118,118,118,118,118,118,118,118,118,118,118,118,118,118,118,118,118.17
20260106,8,115.00,115,115,115,115,115,115,115,115,115,115,115,115,115,115,115,115,115,115,115,115.00
20260106,9,116.43,116,116,116,116,116,116,116,116,116,116,116,116,116,116,116,116,116,116,116,116.43
20260106,10,121.32,121,121,121,121,121,121,121,121,121,121,121,121,121,121,121,121,121,121,121,121.32
20260106,11,124.33,124,124,124,124,124,124,124,124,124,124,124,124,124,124,124,124,124,124,124,124.39
20260106,12,115.70,116,116,115,116,116,116,116,116,116,115,116,116,116,115,116,116,116,116,116,115.74
20260106,13,115.64,116,116,115,116,116,116,116,116,116,115,116,116,116,115,116,116,116,116,116,115.72
20260106,14,113.07,113,113,113,113,113,113,113,113,113,113,113,113,113,113,113,113,113,113,113,113.07
20260106,15,110.00,110,110,110,110,110,110,110,110,110,110,110,110,110,110,110,110,110,110,110,110.00
20260106,16,115.00,115,115,115,115,115,115,115,115,115,115,115,115,115,115,115,115,115,115,115,115.00
20260106,17,128.33,128,128,128,128,128,128,128,128,128,128,128,128,128,128,128,128,128,128,128,128.33
20260106,18,130.00,130,130,130,130,130,130,130,130,130,130,130,130,130,130,130,130,130,130,130,130.00
20260106,19,132.62,133,133,133,133,133,133,133,133,133,133,133,133,133,133,133,133,133,133,133,132.62
20260106,20,130.00,130,130,130,130,130,130,130,130,130,130,130,130,130,130,130,130,130,130,130,130.00
20260106,21,121.64,122,122,122,122,122,122,122,122,122,122,122,122,122,122,122,122,122,122,122,121.64
20260106,22,112.55,113,113,113,113,113,113,113,113,113,113,113,113,113,113,113,113,113,113,113,112.55
20260106,23,107.92,108,108,108,108,108,108,108,108,108,108,108,108,108,108,108,108,108,108,108,107.92
20260106,24,105.32,105,105,105,105,105,105,105,105,105,105,105,105,105,105,105,105,105,105,105,105.32
20260107,1,103.76,104,104,104,104,104,104,104,104,104,104,104,104,104,104,104,104,104,104,104,103.76
20260107,2,100.21,100,100,100,100,100,100,100,100,100,100,100,100,100,100,100,100,100,100,100,100.21
20260107,3,99.53,100,100,100,100,100,100,100,100,100,100,100,100,100,100,100,100,100,100,100,99.53
20260107,4,99.98,100,100,100,100,100,100,100,100,100,100,100,100,100,100,100,100,100,100,100,99.98
20260107,5,100.19,100,100,100,100,100,100,100,100,100,100,100,100,100,100,100,100,100,100,100,100.19
20260107,6,104.64,105,105,105,105,105,105,105,105,105,105,105,105,105,105,105,105,105,105,105,104.64
20260107,7,116.56,117,117,117,117,117,117,117,117,117,117,117,117,117,117,117,117,117,117,117,116.56
20260107,8,128.51,129,129,129,129,129,129,129,129,129,129,129,129,129,129,129,129,129,129,129,128.51
20260107,9,143.10,143,143,143,143,143,143,143,143,143,143,143,143,143,143,143,143,143,143,143,143.10
20260107,10,131.55,132,132,132,132,132,132,132,132,132,132,132,132,132,132,132,132,132,132,132,131.55
20260107,11,129.32,130,130,125,130,126,130,130,130,125,125,130,130,126,125,130,125,130,130,130,125.29
20260107,12,127.24,128,128,121,128,128,128,128,128,121,121,128,128,128,121,128,121,128,128,128,121.25
20260107,13,121.21,121,121,121,121,121,121,121,121,121,121,121,121,121,121,121,121,121,121,121,121.13
20260107,14,121.25,121,121,120,121,121,121,121,121,120,120,121,121,121,120,121,120,121,121,121,119.74
20260107,15,128.00,130,130,114,130,130,130,130,130,114,114,130,130,130,114,130,114,130,130,130,113.95
20260107,16,137.39,141,141,112,141,141,141,141,141,112,112,141,141,141,112,141,112,141,141,141,112.40
20260107,17,124.61,125,125,123,125,125,125,125,125,125,123,125,125,125,123,125,125,125,125,125,124.71
20260107,18,139.55,140,140,140,140,140,140,140,140,140,140,140,140,140,140,140,140,140,140,140,139.55
20260107,19,142.23,142,142,142,142,142,142,142,142,142,142,142,142,142,142,142,142,142,142,142,142.23
20260107,20,134.51,135,135,135,135,135,135,135,135,135,135,135,135,135,135,135,135,135,135,135,134.51
20260107,21,125.28,125,125,125,125,125,125,125,125,125,125,125,125,125,125,125,125,125,125,125,125.28
20260107,22,119.19,119,119,119,119,119,119,119,119,119,119,119,119,119,119,119,119,119,119,119,119.19
20260107,23,115.38,115,115,115,115,115,115,115,115,115,115,115,115,115,115,115,115,115,115,115,115.38
20260107,24,110.00,110,110,110,110,110,110,110,110,110,110,110,110,110,110,110,110,110,110,110,110.00
20260108,1,110.00,110,110,110,110,110,110,110,110,110,110,110,110,110,110,110,110,110,110,110,110.00
20260108,2,108.31,108,108,108,108,108,108,108,108,108,108,108,108,108,108,108,108,108,108,108,108.31
20260108,3,107.56,108,108,108,108,108,108,108,108,108,108,108,108,108,108,108,108,108,108,108,107.56
20260108,4,105.20,105,105,105,105,105,105,105,105,105,105,105,105,105,105,105,105,105,105,105,105.20
20260108,5,103.66,104,104,104,104,104,104,104,104,104,104,104,104,104,104,104,104,104,104,104,103.66
20260108,6,105.10,105,105,105,105,105,105,105,105,105,105,105,105,105,105,105,105,105,105,105,105.10
20260108,7,120.50,121,121,121,121,121,121,121,121,121,121,121,121,121,121,121,121,121,121,121,120.50
20260108,8,144.63,145,145,145,145,145,145,145,145,145,145,145,145,145,145,145,145,145,145,145,144.63
20260108,9,166.64,172,172,126,172,172,172,172,172,126,126,172,172,172,126,172,126,172,172,172,125.76
20260108,10,176.41,189,189,117,189,170,189,170,189,117,117,170,189,170,117,189,117,189,189,189,117.49
20260108,11,152.58,176,176,75,176,120,176,120,176,75,75,120,176,120,75,176,75,176,176,176,74.67
20260108,12,125.56,153,153,12,153,103,153,103,153,12,12,103,153,103,12,153,12,153,153,153,11.65
20260108,13,107.34,130,130,10,130,95,130,95,130,10,10,95,130,95,10,130,10,130,130,130,10.00
20260108,14,111.21,128,128,42,128,98,128,98,128,42,42,98,128,98,42,128,42,128,128,128,41.58
20260108,15,131.62,139,139,105,139,123,139,123,139,105,105,123,139,123,105,139,105,139,139,139,105.10
20260108,16,152.26,156,156,124,156,156,156,156,156,124,124,156,156,156,124,156,124,156,156,156,124.13
20260108,17,140.70,141,141,141,141,138,141,141,141,141,141,141,141,138,141,141,141,141,141,141,140.76
20260108,18,152.91,153,153,153,153,153,153,153,153,153,153,153,153,153,153,153,153,153,153,153,152.91
20260108,19,135.00,135,135,135,135,135,135,135,135,135,135,135,135,135,135,135,135,135,135,135,135.00
20260108,20,144.44,144,144,144,144,144,144,144,144,144,144,144,144,144,144,144,144,144,144,144,144.44
20260108,21,127.20,127,127,127,127,127,127,127,127,127,127,127,127,127,127,127,127,127,127,127,127.20
20260108,22,125.44,125,125,125,125,125,125,125,125,125,125,125,125,125,125,125,125,125,125,125,125.44
20260108,23,120.40,120,120,120,120,120,120,120,120,120,120,120,120,120,120,120,120,120,120,120,120.40
20260108,24,113.75,114,114,113,114,113,114,113,114,113,113,113,114,113,113,114,113,114,114,114,113.46
20260109,1,116.07,116,116,116,116,116,116,116,116,116,116,116,116,116,116,116,116,116,116,116,116.07
20260109,2,110.04,110,110,110,110,110,110,110,110,110,110,110,110,110,110,110,110,110,110,110,110.04
20260109,3,110.03,110,110,110,110,110,110,110,110,110,110,110,110,110,110,110,110,110,110,110,110.03
20260109,4,109.23,109,109,109,109,109,109,109,109,109,109,109,109,109,109,109,109,109,109,109,109.19
20260109,5,110.05,110,110,110,110,110,110,110,110,110,110,110,110,110,110,110,110,110,110,110,110.05
20260109,6,111.51,112,112,110,112,110,112,110,112,110,110,110,112,110,110,112,110,112,112,112,110.05
20260109,7,128.36,128,128,128,128,128,128,128,128,128,128,128,128,128,128,128,128,128,128,128,128.36
20260109,8,144.46,144,144,144,144,144,144,144,144,144,144,144,144,144,144,144,144,144,144,144,144.46
20260109,9,138.24,139,139,134,139,139,139,139,139,134,134,139,139,139,134,139,134,139,139,139,133.75
20260109,10,147.54,150,150,131,150,150,150,150,150,131,131,150,150,150,131,150,131,150,150,150,130.81
20260109,11,137.87,144,144,105,144,136,144,136,144,105,105,136,144,136,105,144,105,144,144,144,105.10
20260109,12,136.67,151,151,80,151,120,151,120,151,80,80,120,151,120,80,151,80,151,151,151,79.91
20260109,13,125.76,137,137,83,137,113,137,113,137,83,83,113,137,113,83,137,83,137,137,137,83.04
20260109,14,125.88,136,136,100,136,106,136,106,136,100,100,106,136,106,100,136,100,136,136,136,100.39
20260109,15,137.19,148,148,110,148,117,148,117,148,110,110,117,148,117,110,148,110,148,148,148,110.39
20260109,16,139.25,142,142,130,142,136,142,136,142,130,130,136,142,136,130,142,130,142,142,142,130.19
20260109,17,143.61,144,144,144,144,144,144,144,144,144,144,144,144,144,144,144,144,144,144,144,143.61
20260109,18,135.56,136,136,136,136,136,136,136,136,136,136,136,136,136,136,136,136,136,136,136,135.56
20260109,19,133.75,134,134,134,134,134,134,134,134,134,134,134,134,134,134,134,134,134,134,134,133.75
20260109,20,130.05,130,130,130,130,130,130,130,130,130,130,130,130,130,130,130,130,130,130,130,130.05
20260109,21,126.41,126,126,126,126,126,126,126,126,126,126,126,126,126,126,126,126,126,126,126,126.41
20260109,22,126.84,127,127,126,127,126,127,126,127,126,126,126,127,126,126,127,126,127,127,127,126.18
20260109,23,117.50,119,119,115,119,115,119,115,119,115,115,115,119,115,115,119,115,119,119,119,114.89
20260109,24,110.67,114,114,105,114,105,114,105,114,105,105,105,114,105,105,114,105,114,114,114,104.59
20260110,1,115.00,115,115,115,115,115,115,115,115,115,115,115,115,115,115,115,115,115,115,115,115.00
20260110,2,108.80,111,111,105,111,105,111,105,111,105,105,105,111,105,105,111,105,111,111,111,105.10
20260110,3,107.69,110,110,102,110,102,110,102,110,102,102,102,110,102,102,110,102,110,110,110,102.40
20260110,4,106.77,109,109,103,109,103,109,103,109,103,103,103,109,103,103,109,103,109,109,109,102.65
20260110,5,105.43,108,108,101,108,101,108,101,108,101,101,101,108,101,101,108,101,108,108,108,100.54
20260110,6,102.62,110,110,87,110,87,110,87,110,87,87,87,110,87,87,110,87,110,110,110,87.27
20260110,7,112.73,115,115,107,115,107,115,107,115,107,107,107,115,107,107,115,107,115,115,115,107.35
20260110,8,117.00,117,117,116,117,116,117,116,117,116,116,116,117,116,116,117,116,117,117,117,116.15
20260110,9,120.23,125,125,90,125,125,125,125,125,90,90,125,125,125,90,125,90,125,125,125,89.98
20260110,10,119.25,125,125,87,125,125,125,125,125,87,87,125,125,125,87,125,87,125,125,125,86.93
20260110,11,113.11,121,121,63,121,121,121,121,121,63,63,121,121,121,63,121,63,121,121,121,62.82
20260110,12,104.83,117,117,33,117,116,117,116,117,33,33,116,117,116,33,117,33,117,117,117,33.00
20260110,13,102.23,115,115,32,115,114,115,114,115,32,32,114,115,114,32,115,32,115,115,115,32.32
20260110,14,106.27,115,115,62,115,112,115,112,115,62,62,112,115,112,62,115,62,115,115,115,61.88
20260110,15,109.77,117,117,70,117,117,117,117,117,70,70,117,117,117,70,117,70,117,117,117,69.80
20260110,16,117.13,122,122,88,122,122,122,122,122,88,88,122,122,122,88,122,88,122,122,122,87.70
20260110,17,125.38,128,128,110,128,128,128,128,128,110,110,128,128,128,110,128,110,128,128,128,109.87
20260110,18,127.17,127,127,127,127,127,127,127,127,127,127,127,127,127,127,127,127,127,127,127,127.17
20260110,19,129.70,130,130,130,130,130,130,130,130,130,130,130,130,130,130,130,130,130,130,130,129.70
20260110,20,126.26,126,126,126,126,126,126,126,126,126,126,126,126,126,126,126,126,126,126,126,126.26
20260110,21,121.26,121,121,121,121,121,121,121,121,121,121,121,121,121,121,121,121,121,121,121,121.26
20260110,22,116.75,117,117,117,117,117,117,117,117,117,117,117,117,117,117,117,117,117,117,117,116.75
20260110,23,114.39,114,114,114,114,114,114,114,114,114,114,114,114,114,114,114,114,114,114,114,114.39
20260110,24,108.88,109,109,109,109,109,109,109,109,109,109,109,109,109,109,109,109,109,109,109,108.88
20260111,1,107.04,107,107,107,107,107,107,107,107,107,107,107,107,107,107,107,107,107,107,107,107.04
20260111,2,103.12,103,103,103,103,103,103,103,103,103,103,103,103,103,103,103,103,103,103,103,103.12
20260111,3,104.64,105,105,105,105,105,105,105,105,105,105,105,105,105,105,105,105,105,105,105,104.64
20260111,4,104.76,105,105,105,105,105,105,105,105,105,105,105,105,105,105,105,105,105,105,105,104.76
20260111,5,102.39,102,102,102,102,102,102,102,102,102,102,102,102,102,102,102,102,102,102,102,102.39
20260111,6,99.15,99,99,99,99,99,99,99,99,99,99,99,99,99,99,99,99,99,99,99,99.15
20260111,7,105.48,105,105,105,105,105,105,105,105,105,105,105,105,105,105,105,105,105,105,105,105.48
20260111,8,114.00,114,114,114,114,114,114,114,114,114,114,114,114,114,114,114,114,114,114,114,114.00
20260111,9,115.17,115,115,115,115,115,115,115,115,115,115,115,115,115,115,115,115,115,115,115,115.17
20260111,10,113.70,114,114,114,114,114,114,114,114,114,114,114,114,114,114,114,114,114,114,114,113.70
20260111,11,103.18,103,103,103,103,103,103,103,103,103,103,103,103,103,103,103,103,103,103,103,103.18
20260111,12,91.73,102,102,65,102,82,102,82,102,65,65,82,102,82,65,102,65,102,102,102,64.68
20260111,13,86.65,99,99,35,99,89,99,89,99,35,35,89,99,89,35,99,35,99,99,99,35.40
20260111,14,85.53,100,100,10,100,100,100,100,100,10,10,100,100,100,10,100,10,100,100,100,10.00
20260111,15,85.18,101,101,14,101,91,101,91,101,14,14,91,101,91,14,101,14,101,101,101,13.63
20260111,16,103.84,107,107,87,107,107,107,107,107,87,87,107,107,107,87,107,87,107,107,107,87.44
20260111,17,115.72,116,116,116,116,116,116,116,116,116,116,116,116,116,116,116,116,116,116,116,115.72
20260111,18,121.74,122,122,122,122,122,122,122,122,122,122,122,122,122,122,122,122,122,122,122,121.74
20260111,19,121.26,121,121,121,121,121,121,121,121,121,121,121,121,121,121,121,121,121,121,121,121.26
20260111,20,123.56,124,124,124,124,124,124,124,124,124,124,124,124,124,124,124,124,124,124,124,123.56
20260111,21,121.10,121,121,121,121,121,121,121,121,121,121,121,121,121,121,121,121,121,121,121,121.10
20260111,22,120.49,120,120,120,120,120,120,120,120,120,120,120,120,120,120,120,120,120,120,120,120.49
20260111,23,115.00,115,115,115,115,115,115,115,115,115,115,115,115,115,115,115,115,115,115,115,115.00
20260111,24,106.79,107,107,107,107,107,107,107,107,107,107,107,107,107,107,107,107,107,107,107,106.79
20260112,1,108.29,108,108,108,108,108,108,108,108,108,108,108,108,108,108,108,108,108,108,108,108.29
20260112,2,108.63,109,109,109,109,109,109,109,109,109,109,109,109,109,109,109,109,109,109,109,108.63
20260112,3,107.84,108,108,108,108,108,108,108,108,108,108,108,108,108,108,108,108,108,108,108,107.84
20260112,4,107.75,108,108,108,108,108,108,108,108,108,108,108,108,108,108,108,108,108,108,108,107.75
20260112,5,105.58,106,106,106,106,106,106,106,106,106,106,106,106,106,106,106,106,106,106,106,105.58
20260112,6,114.36,114,114,114,114,114,114,114,114,114,114,114,114,114,114,114,114,114,114,114,114.36
20260112,7,130.45,130,130,130,130,130,130,130,130,130,130,130,130,130,130,130,130,130,130,130,130.45
20260112,8,140.00,140,140,140,140,140,140,140,140,140,140,140,140,140,140,140,140,140,140,140,140.00
20260112,9,151.66,152,152,152,152,152,152,152,152,152,152,152,152,152,152,152,152,152,152,152,151.66
20260112,10,144.87,145,145,144,145,145,145,145,145,144,144,145,145,145,144,145,144,145,145,145,143.95
20260112,11,139.43,140,140,138,140,138,140,138,140,138,138,138,140,138,138,140,138,140,140,140,138.22
20260112,12,135.03,137,137,131,137,131,137,131,137,131,131,131,137,131,131,137,131,137,137,137,130.92
20260112,13,130.30,130,130,130,130,130,130,130,130,130,130,130,130,130,130,130,130,130,130,130,129.81
20260112,14,129.45,130,130,128,130,128,130,128,130,128,128,128,130,128,128,130,128,130,130,130,128.23
20260112,15,134.39,135,135,131,135,135,135,135,135,131,131,135,135,135,131,135,131,135,135,135,130.66
20260112,16,146.01,146,146,146,146,146,146,146,146,146,146,146,146,146,146,146,146,146,146,146,146.01
20260112,17,155.71,156,156,156,156,156,156,156,156,156,156,156,156,156,156,156,156,156,156,156,155.71
20260112,18,161.86,162,162,162,162,162,162,162,162,162,162,162,162,162,162,162,162,162,162,162,161.86
20260112,19,148.96,149,149,149,149,149,149,149,149,149,149,149,149,149,149,149,149,149,149,149,148.96
20260112,20,150.04,150,150,150,150,150,150,150,150,150,150,150,150,150,150,150,150,150,150,150,150.04
20260112,21,150.00,150,150,150,150,150,150,150,150,150,150,150,150,150,150,150,150,150,150,150,150.00
20260112,22,142.25,142,142,142,142,142,142,142,142,142,143,142,142,142,143,142,142,142,142,142,142.22
20260112,23,127.86,128,128,128,128,128,128,128,128,128,128,128,128,128,128,128,128,128,128,128,127.86
20260112,24,120.61,121,121,121,121,121,121,121,121,121,121,121,121,121,121,121,121,121,121,121,120.61
20260113,1,117.30,117,117,117,117,117,117,117,117,117,117,117,117,117,117,117,117,117,117,117,117.30
20260113,2,113.94,114,114,114,114,114,114,114,114,114,114,114,114,114,114,114,114,114,114,114,113.94
20260113,3,113.17,113,113,113,113,113,113,113,113,113,113,113,113,113,113,113,113,113,113,113,113.17
20260113,4,111.61,112,112,112,112,112,112,112,112,112,112,112,112,112,112,112,112,112,112,112,111.61
20260113,5,113.12,113,113,113,113,113,113,113,113,113,113,113,113,113,113,113,113,113,113,113,113.12
20260113,6,117.00,117,117,117,117,117,117,117,117,117,117,117,117,117,117,117,117,117,117,117,117.00
20260113,7,125.88,126,126,126,126,126,126,126,126,126,126,126,126,126,126,126,126,126,126,126,125.88
20260113,8,149.01,149,149,149,149,149,149,149,149,149,149,149,149,149,149,149,149,149,149,149,149.01
20260113,9,157.23,157,157,157,157,157,157,157,157,157,157,157,157,157,157,157,157,157,157,157,157.23
20260113,10,156.90,162,162,121,162,162,162,162,162,121,121,162,162,162,121,162,121,162,162,162,121.04
20260113,11,145.17,148,148,126,148,147,148,147,148,126,126,147,148,147,126,148,126,148,148,148,125.80
20260113,12,137.92,145,145,106,145,133,145,133,145,106,106,133,145,133,106,145,106,145,145,145,106.18
20260113,13,133.73,138,138,105,138,138,138,138,138,105,105,138,138,138,105,138,105,138,138,138,105.10
20260113,14,139.52,144,144,108,144,144,144,144,144,108,108,144,144,144,108,144,108,144,144,144,107.72
20260113,15,143.62,146,146,127,146,146,146,146,146,127,127,146,146,146,127,146,127,146,146,146,127.33
20260113,16,137.92,138,138,134,138,138,138,138,138,134,134,138,138,138,134,138,134,138,138,138,133.90
20260113,17,148.85,149,149,149,149,149,149,149,149,149,149,149,149,149,149,149,149,149,149,149,148.85
20260113,18,154.04,154,154,154,154,154,154,154,154,154,154,154,154,154,154,154,154,154,154,154,154.04
20260113,19,163.05,163,163,163,163,163,163,163,163,163,163,163,163,163,163,163,163,163,163,163,163.05
20260113,20,157.85,158,158,158,158,158,158,158,158,158,158,158,158,158,158,158,158,158,158,158,157.85
20260113,21,140.00,140,140,140,140,140,140,140,140,140,140,140,140,140,140,140,140,140,140,140,140.00
20260113,22,134.81,135,135,135,135,135,135,135,135,135,135,135,135,135,135,135,135,135,135,135,134.81
20260113,23,124.22,124,124,124,124,124,124,124,124,124,124,124,124,124,124,124,124,124,124,124,124.22
20260113,24,120.10,120,120,120,120,120,120,120,120,120,120,120,120,120,120,120,120,120,120,120,120.10
20260114,1,124.24,124,124,124,124,124,124,124,124,124,124,124,124,124,124,124,124,124,124,124,124.24
20260114,2,121.14,121,121,121,121,121,121,121,121,121,121,121,121,121,121,121,121,121,121,121,121.14
20260114,3,117.59,118,118,118,118,118,118,118,118,118,118,118,118,118,118,118,118,118,118,118,117.59
20260114,4,117.25,117,117,117,117,117,117,117,117,117,117,117,117,117,117,117,117,117,117,117,117.25
20260114,5,117.29,117,117,117,117,117,117,117,117,117,117,117,117,117,117,117,117,117,117,117,117.29
20260114,6,119.82,120,120,120,120,120,120,120,120,120,120,120,120,120,120,120,120,120,120,120,119.82
20260114,7,131.04,131,131,131,131,131,131,131,131,131,131,131,131,131,131,131,131,131,131,131,131.04
20260114,8,150.00,150,150,150,150,150,150,150,150,150,150,150,150,150,150,150,150,150,150,150,150.00
20260114,9,149.00,149,149,149,149,149,149,149,149,149,149,149,149,149,149,149,149,149,149,149,149.00
20260114,10,144.11,146,146,129,146,146,146,146,146,129,129,146,146,146,129,146,129,146,146,146,128.76
20260114,11,139.51,143,143,128,143,133,143,133,143,128,128,133,143,133,128,143,128,143,143,143,127.54
20260114,12,133.59,139,139,122,139,122,139,122,139,122,122,122,139,122,122,139,122,139,139,139,122.04
20260114,13,129.09,129,129,127,129,129,129,129,129,127,127,129,129,129,127,129,127,129,129,129,126.80
20260114,14,127.72,128,128,127,128,127,128,127,128,127,127,127,128,127,127,128,127,128,128,128,126.93
20260114,15,131.55,132,132,129,132,132,132,132,132,129,129,132,132,132,129,132,129,132,132,132,128.76
20260114,16,140.32,141,141,138,141,141,141,141,141,138,138,141,141,141,138,141,138,141,141,141,137.63
20260114,17,190.00,190,190,190,190,190,190,190,190,190,190,190,190,190,190,190,190,190,190,190,190.00
20260114,18,204.12,204,204,204,204,204,204,204,204,204,204,204,204,204,204,204,204,204,204,204,204.12
20260114,19,190.00,190,190,190,190,190,190,190,190,190,190,190,190,190,190,190,190,190,190,190,190.00
20260114,20,165.43,165,165,165,165,165,165,165,165,165,165,165,165,165,165,165,165,165,165,165,165.43
20260114,21,162.06,162,162,162,162,162,162,162,162,162,162,162,162,162,162,162,162,162,162,162,162.06
20260114,22,140.20,140,140,140,140,140,140,140,140,140,140,140,140,140,140,140,140,140,140,140,140.20
20260114,23,127.03,127,127,127,127,127,127,127,127,127,127,127,127,127,127,127,127,127,127,127,127.03
20260114,24,124.20,124,124,124,124,124,124,124,124,124,124,124,124,124,124,124,124,124,124,124,124.20
20260115,1,121.63,122,122,122,122,122,122,122,122,122,122,122,122,122,122,122,122,122,122,122,121.63
20260115,2,118.83,119,119,119,119,119,119,119,119,119,119,119,119,119,119,119,119,119,119,119,118.83
20260115,3,120.04,120,120,120,120,120,120,120,120,120,120,120,120,120,120,120,120,120,120,120,120.04
20260115,4,119.95,120,120,120,120,120,120,120,120,120,120,120,120,120,120,120,120,120,120,120,119.95
20260115,5,120.60,121,121,121,121,121,121,121,121,121,121,121,121,121,121,121,121,121,121,121,120.60
20260115,6,122.48,122,122,122,122,122,122,122,122,122,122,122,122,122,122,122,122,122,122,122,122.48
20260115,7,136.50,137,137,137,137,137,137,137,137,137,137,137,137,137,137,137,137,137,137,137,136.50
20260115,8,151.00,151,151,151,151,151,151,151,151,151,151,151,151,151,151,151,151,151,151,151,151.00
20260115,9,169.88,170,170,169,170,170,170,170,170,169,169,170,170,170,169,170,169,170,170,170,168.98
20260115,10,172.12,175,175,153,175,175,175,175,175,153,153,175,175,175,153,175,153,175,175,175,153.14
20260115,11,158.92,162,162,134,162,162,162,162,162,134,134,162,162,162,134,162,134,162,162,162,134.09
20260115,12,146.33,149,149,128,149,149,149,149,149,128,128,149,149,149,128,149,128,149,149,149,128.05
20260115,13,137.46,139,139,128,139,139,139,139,139,128,128,139,139,139,128,139,128,139,139,139,127.84
20260115,14,136.39,137,137,133,137,137,137,137,137,133,133,137,137,137,133,137,133,137,137,137,133.30
20260115,15,139.58,140,140,136,140,140,140,140,140,136,136,140,140,140,136,140,136,140,140,140,136.42
20260115,16,151.38,151,151,151,151,151,151,151,151,151,151,151,151,151,151,151,151,151,151,151,151.38
20260115,17,169.43,169,169,169,169,169,169,169,169,169,169,169,169,169,169,169,169,169,169,169,169.43
20260115,18,165.43,157,157,181,157,181,181,181,157,181,181,181,157,181,181,157,181,157,157,157,180.96
20260115,19,166.06,148,148,201,148,201,201,201,148,201,201,201,148,201,201,148,201,148,148,148,200.63
20260115,20,165.16,148,148,197,148,197,197,197,148,197,197,197,148,197,197,148,197,148,148,148,196.51
20260115,21,171.14,161,161,190,161,190,190,190,161,190,190,190,161,190,190,161,190,161,161,161,190.27
20260115,22,147.86,146,146,151,146,151,151,151,146,151,151,151,146,151,151,146,151,146,146,146,151.36
20260115,23,141.65,140,140,145,140,145,145,145,140,145,145,145,140,145,145,140,145,140,140,140,144.69
20260115,24,129.59,128,128,132,128,132,132,132,128,132,132,132,128,132,132,128,132,128,128,128,132.21
20260116,1,125.06,125,125,125,125,127,127,125,125,125,125,125,125,127,125,125,125,125,125,125,125.00
20260116,2,123.22,123,123,123,123,123,123,123,123,123,123,123,123,123,123,123,123,123,123,123,123.22
20260116,3,121.02,121,121,121,121,121,121,121,121,121,121,121,121,121,121,121,121,121,121,121,121.02
20260116,4,119.84,120,120,120,120,120,120,120,120,120,120,120,120,120,120,120,120,120,120,120,119.84
20260116,5,118.50,118,118,118,118,118,118,118,118,118,118,118,118,118,118,118,118,118,118,118,118.50
20260116,6,121.57,122,122,122,122,122,122,122,122,122,122,122,122,122,122,122,122,122,122,122,121.57
20260116,7,138.78,139,139,139,139,139,139,139,139,139,139,139,139,139,139,139,139,139,139,139,138.78
20260116,8,156.38,156,156,156,156,156,156,156,156,156,156,156,156,156,156,156,156,156,156,156,156.38
20260116,9,157.13,157,157,157,157,157,157,157,157,157,157,157,157,157,157,157,157,157,157,157,157.13
20260116,10,154.50,156,156,146,156,156,156,156,156,146,146,156,156,156,146,156,146,156,156,156,146.47
20260116,11,145.15,147,147,131,147,147,147,147,147,131,131,147,147,147,131,147,131,147,147,147,131.46
20260116,12,143.09,145,145,129,145,145,145,145,145,129,129,145,145,145,129,145,129,145,145,145,128.84
20260116,13,136.09,138,138,131,138,133,138,133,138,131,131,133,138,133,131,138,131,138,138,138,131.00
20260116,14,133.64,135,135,131,135,131,135,131,135,131,131,131,135,131,131,135,131,135,135,135,130.92
20260116,15,138.68,139,139,136,139,139,139,139,139,136,136,139,139,139,136,139,136,139,139,139,136.30
20260116,16,145.00,145,145,145,145,145,145,145,145,145,145,145,145,145,145,145,145,145,145,145,145.00
20260116,17,162.30,162,162,162,162,162,162,162,162,162,162,162,162,162,162,162,162,162,162,162,162.30
20260116,18,189.18,189,189,189,189,189,189,189,189,189,189,189,189,189,189,189,189,189,189,189,189.18
20260116,19,173.37,173,173,173,173,173,173,173,173,173,173,173,173,173,173,173,173,173,173,173,173.37
20260116,20,157.95,158,158,158,158,158,158,158,158,158,158,158,158,158,158,158,158,158,158,158,157.95
20260116,21,141.10,141,141,141,141,141,141,141,141,141,141,141,141,141,141,141,141,141,141,141,141.10
20260116,22,132.10,132,132,132,132,132,132,132,132,132,132,132,132,132,132,132,132,132,132,132,132.10
20260116,23,124.81,125,125,125,125,125,125,125,125,125,125,125,125,125,125,125,125,125,125,125,124.81
20260116,24,121.42,121,121,121,121,121,121,121,121,121,121,121,121,121,121,121,121,121,121,121,121.42
20260117,1,124.68,125,125,125,125,125,125,125,125,125,125,125,125,125,125,125,125,125,125,125,124.68
20260117,2,121.78,122,122,122,122,122,122,122,122,122,122,122,122,122,122,122,122,122,122,122,121.78
20260117,3,118.73,119,119,119,119,119,119,119,119,119,119,119,119,119,119,119,119,119,119,119,118.73
20260117,4,116.01,116,116,116,116,116,116,116,116,116,116,116,116,116,116,116,116,116,116,116,116.01
20260117,5,116.32,116,116,116,116,116,116,116,116,116,116,116,116,116,116,116,116,116,116,116,116.32
20260117,6,118.70,119,119,119,119,119,119,119,119,119,119,119,119,119,119,119,119,119,119,119,118.70
20260117,7,124.41,124,124,124,124,124,124,124,124,124,124,124,124,124,124,124,124,124,124,124,124.41
20260117,8,123.80,124,124,124,124,124,124,124,124,124,124,124,124,124,124,124,124,124,124,124,123.80
20260117,9,128.58,129,129,129,129,129,129,129,129,129,129,129,129,129,129,129,129,129,129,129,128.58
20260117,10,129.54,130,130,130,130,130,130,130,130,130,130,130,130,130,130,130,130,130,130,130,129.54
20260117,11,126.59,127,127,127,127,127,127,127,127,127,127,127,127,127,127,127,127,127,127,127,126.59
20260117,12,122.70,123,123,123,123,123,123,123,123,123,123,123,123,123,123,123,123,123,123,123,122.70
20260117,13,118.68,119,119,119,119,119,119,119,119,119,119,119,119,119,119,119,119,119,119,119,118.68
20260117,14,113.47,113,113,113,113,113,113,113,113,113,113,113,113,113,113,113,113,113,113,113,113.47
20260117,15,117.39,117,117,117,117,117,117,117,117,117,117,117,117,117,117,117,117,117,117,117,117.39
20260117,16,123.08,123,123,123,123,123,123,123,123,123,123,123,123,123,123,123,123,123,123,123,123.08
20260117,17,134.48,134,134,134,134,134,134,134,134,134,134,134,134,134,134,134,134,134,134,134,134.48
20260117,18,142.23,141,141,144,141,144,144,144,141,144,144,144,141,144,144,141,144,141,141,141,143.69
20260117,19,142.85,143,143,143,143,143,143,143,143,143,143,143,143,143,143,143,143,143,143,143,142.85
20260117,20,141.40,141,141,141,141,141,141,141,141,141,141,141,141,141,141,141,141,141,141,141,141.40
20260117,21,133.92,134,134,134,134,134,134,134,134,134,134,134,134,134,134,134,134,134,134,134,133.92
20260117,22,128.54,129,129,129,129,129,129,129,129,129,129,129,129,129,129,129,129,129,129,129,128.54
20260117,23,125.89,126,126,126,126,126,126,126,126,126,126,126,126,126,126,126,126,126,126,126,125.89
20260117,24,123.74,124,124,124,124,124,124,124,124,124,124,124,124,124,124,124,124,124,124,124,123.74
20260118,1,130.00,130,130,130,130,130,130,130,130,130,130,130,130,130,130,130,130,130,130,130,130.00
20260118,2,124.95,125,125,125,125,125,125,125,125,125,125,125,125,125,125,125,125,125,125,125,124.95
20260118,3,119.10,119,119,119,119,119,119,119,119,119,119,119,119,119,119,119,119,119,119,119,119.10
20260118,4,116.42,116,116,116,116,116,116,116,116,116,116,116,116,116,116,116,116,116,116,116,116.42
20260118,5,116.04,116,116,116,116,116,116,116,116,116,116,116,116,116,116,116,116,116,116,116,116.04
20260118,6,118.76,119,119,119,119,119,119,119,119,119,119,119,119,119,119,119,119,119,119,119,118.76
20260118,7,125.16,125,125,125,125,125,125,125,125,125,125,125,125,125,125,125,125,125,125,125,125.16
20260118,8,127.63,128,128,128,128,128,128,128,128,128,128,128,128,128,128,128,128,128,128,128,127.63
20260118,9,130.00,130,130,130,130,130,130,130,130,130,130,130,130,130,130,130,130,130,130,130,130.00
20260118,10,141.16,141,141,141,141,141,141,141,141,141,141,141,141,141,141,141,141,141,141,141,141.16
20260118,11,139.79,140,140,140,140,140,140,140,140,140,140,140,140,140,140,140,140,140,140,140,139.79
20260118,12,139.33,139,139,139,139,139,139,139,139,139,139,139,139,139,139,139,139,139,139,139,139.33
20260118,13,139.33,139,139,139,139,139,139,139,139,139,139,139,139,139,139,139,139,139,139,139,139.33
20260118,14,130.06,130,130,130,130,130,130,130,130,130,130,130,130,130,130,130,130,130,130,130,130.06
20260118,15,130.06,130,130,130,130,130,130,130,130,130,130,130,130,130,130,130,130,130,130,130,130.06
20260118,16,134.53,135,135,135,135,135,135,135,135,135,135,135,135,135,135,135,135,135,135,135,134.53
20260118,17,136.01,136,136,136,136,136,136,136,136,136,136,136,136,136,136,136,136,136,136,136,136.01
20260118,18,143.11,143,143,143,143,143,143,143,143,143,143,143,143,143,143,143,143,143,143,143,143.11
20260118,19,148.21,148,148,148,148,148,148,148,148,148,148,148,148,148,148,148,148,148,148,148,148.21
20260118,20,145.57,146,146,146,146,146,146,146,146,146,146,146,146,146,146,146,146,146,146,146,145.57
20260118,21,136.44,136,136,136,136,136,136,136,136,136,136,136,136,136,136,136,136,136,136,136,136.44
20260118,22,128.46,128,128,128,128,128,128,128,128,128,128,128,128,128,128,128,128,128,128,128,128.46
20260118,23,129.79,130,130,130,130,130,130,130,130,130,130,130,130,130,130,130,130,130,130,130,129.79
20260118,24,120.00,120,120,120,120,120,120,120,120,120,120,120,120,120,120,120,120,120,120,120,120.00
20260119,1,121.78,122,122,122,122,122,122,122,122,122,122,122,122,122,122,122,122,122,122,122,121.78
20260119,2,119.77,120,120,120,120,120,120,120,120,120,120,120,120,120,120,120,120,120,120,120,119.77
20260119,3,112.26,112,112,112,112,112,112,112,112,112,112,112,112,112,112,112,112,112,112,112,112.26
20260119,4,105.10,105,105,105,105,105,105,105,105,105,105,105,105,105,105,105,105,105,105,105,105.10
20260119,5,106.77,107,107,107,107,107,107,107,107,107,107,107,107,107,107,107,107,107,107,107,106.77
20260119,6,119.83,120,120,120,120,120,120,120,120,120,120,120,120,120,120,120,120,120,120,120,119.83
20260119,7,146.17,146,146,146,146,146,146,146,146,146,146,146,146,146,146,146,146,146,146,146,146.17
20260119,8,159.46,159,159,159,159,159,159,159,159,159,159,159,159,159,159,159,159,159,159,159,159.46
20260119,9,175.40,176,176,174,176,176,176,176,176,174,174,176,176,176,174,176,174,176,176,176,173.91
20260119,10,168.58,170,170,151,170,170,170,170,170,158,151,170,170,170,151,170,158,170,170,170,158.50
20260119,11,155.82,158,158,143,158,158,158,158,158,143,143,158,158,158,143,158,143,158,158,158,142.80
20260119,12,149.36,151,151,138,151,151,151,151,151,138,138,151,151,151,138,151,138,151,151,151,137.72
20260119,13,144.50,150,150,105,150,150,150,150,150,105,105,150,150,150,105,150,105,150,150,150,105.10
20260119,14,144.23,150,150,106,150,150,150,150,150,106,106,150,150,150,106,150,106,150,150,150,105.87
20260119,15,152.94,159,159,107,159,159,159,159,159,107,107,159,159,159,107,159,107,159,159,159,107.10
20260119,16,167.80,174,174,127,174,174,174,174,174,127,127,174,174,174,127,174,127,174,174,174,126.53
20260119,17,189.90,196,196,145,196,196,196,196,196,145,145,196,196,196,145,196,145,196,196,196,144.75
20260119,18,191.86,198,198,152,198,195,198,198,198,152,152,198,198,195,152,198,152,198,198,198,152.21
20260119,19,188.56,194,194,154,194,194,194,194,194,154,154,194,194,194,154,194,154,194,194,194,154.18
20260119,20,178.91,182,182,162,182,182,182,182,182,162,162,182,182,182,162,182,162,182,182,182,162.41
20260119,21,149.79,151,151,145,151,151,151,151,151,145,145,151,151,151,145,151,145,151,151,151,145.16
20260119,22,151.30,153,153,142,153,153,153,153,153,142,142,153,153,153,142,153,142,153,153,153,141.82
20260119,23,133.99,134,134,134,134,134,134,134,134,134,134,134,134,134,134,134,134,134,134,134,133.99
20260119,24,130.00,130,130,130,130,130,130,130,130,130,130,130,130,130,130,130,130,130,130,130,130.00
20260120,1,126.00,126,126,126,126,126,126,126,126,126,126,126,126,126,126,126,126,126,126,126,126.00
20260120,2,125.00,125,125,125,125,125,125,125,125,125,125,125,125,125,125,125,125,125,125,125,125.00
20260120,3,123.62,124,124,124,124,124,124,124,124,124,124,124,124,124,124,124,124,124,124,124,123.62
20260120,4,118.88,119,119,119,119,119,119,119,119,119,119,119,119,119,119,119,119,119,119,119,118.88
20260120,5,117.76,119,119,107,119,119,119,119,119,107,107,119,119,119,107,119,107,119,119,119,107.47
20260120,6,127.72,131,131,108,131,131,131,131,131,108,108,131,131,131,108,131,108,131,131,131,107.56
20260120,7,150.46,153,153,131,153,153,153,153,153,131,131,153,153,153,131,153,131,153,153,153,131.42
20260120,8,183.32,188,188,148,188,188,188,188,188,148,148,188,188,188,148,188,148,188,188,188,148.01
20260120,9,202.60,215,215,148,215,193,215,193,215,148,148,193,215,193,148,215,148,215,215,215,148.01
20260120,10,173.60,184,184,134,184,160,184,160,184,134,134,160,184,160,134,184,134,184,184,184,133.74
20260120,11,142.58,150,150,117,150,132,150,132,150,117,117,132,150,132,117,150,117,150,150,150,116.74
20260120,12,132.01,138,138,106,138,126,138,126,138,106,106,126,138,126,106,138,106,138,138,138,106.22
20260120,13,123.38,128,128,101,128,124,128,124,128,101,101,124,128,124,101,128,101,128,128,128,100.54
20260120,14,124.02,128,128,105,128,122,128,122,128,105,105,122,128,122,105,128,105,128,128,128,105.10
20260120,15,138.12,144,144,117,144,131,144,131,144,117,117,131,144,131,117,144,117,144,144,144,116.74
20260120,16,159.73,170,170,127,170,147,170,147,170,127,127,147,170,147,127,170,127,170,170,170,126.72
20260120,17,187.42,200,200,148,200,171,200,171,200,148,148,171,200,171,148,200,148,200,200,200,148.01
20260120,18,195.70,204,204,156,204,196,204,196,204,156,156,196,204,196,156,204,156,204,204,204,155.76
20260120,19,168.05,170,170,154,170,170,170,170,170,154,154,170,170,170,154,170,154,170,170,170,153.88
20260120,20,161.98,163,163,157,163,163,163,163,163,157,157,163,163,163,157,163,157,163,163,163,157.41
20260120,21,155.02,156,156,147,156,156,156,156,156,147,147,156,156,156,147,156,147,156,156,156,147.19
20260120,22,151.79,154,154,139,154,154,154,154,154,139,139,154,154,154,139,154,139,154,154,154,138.64
20260120,23,137.69,139,139,129,139,139,139,139,139,129,129,139,139,139,129,139,129,139,139,139,129.26
20260120,24,128.56,129,129,129,129,129,129,129,129,129,129,129,129,129,129,129,129,129,129,129,128.56
20260121,1,124.39,124,124,124,124,124,124,124,124,124,124,124,124,124,124,124,124,124,124,124,124.39
20260121,2,123.30,123,123,123,123,123,123,123,123,123,123,123,123,123,123,123,123,123,123,123,123.30
20260121,3,122.20,122,122,122,122,122,122,122,122,122,122,122,122,122,122,122,122,122,122,122,122.20
20260121,4,122.09,122,122,122,122,122,122,122,122,122,122,122,122,122,122,122,122,122,122,122,122.09
20260121,5,123.70,124,124,124,124,124,124,124,124,124,124,124,124,124,124,124,124,124,124,124,123.70
20260121,6,130.00,130,130,130,130,130,130,130,130,130,130,130,130,130,130,130,130,130,130,130,130.00
20260121,7,144.26,145,145,139,145,145,145,145,145,139,139,145,145,145,139,145,139,145,145,145,139.05
20260121,8,165.29,169,169,142,169,169,169,169,169,142,142,169,169,169,142,169,142,169,169,169,141.72
20260121,9,193.50,200,200,147,200,200,200,200,200,147,147,200,200,200,147,200,147,200,200,200,146.52
20260121,10,177.32,182,182,146,182,182,182,182,182,146,146,182,182,182,146,182,146,182,182,182,146.02
20260121,11,157.44,159,159,149,159,159,159,159,159,149,149,159,159,159,149,159,149,159,159,159,148.62
20260121,12,150.30,151,151,146,151,151,151,151,151,146,146,151,151,151,146,151,146,151,151,151,146.02
20260121,13,141.81,142,142,142,142,142,142,142,142,142,142,142,142,142,142,142,142,142,142,142,141.81
20260121,14,141.14,141,141,141,141,141,141,141,141,141,141,141,141,141,141,141,141,141,141,141,141.14
20260121,15,149.90,150,150,150,150,150,150,150,150,150,150,150,150,150,150,150,150,150,150,150,149.90
20260121,16,167.00,167,167,167,167,167,167,167,167,167,167,167,167,167,167,167,167,167,167,167,167.00
20260121,17,176.51,177,177,177,177,177,177,177,177,177,177,177,177,177,177,177,177,177,177,177,176.51
20260121,18,179.63,180,180,180,180,180,180,180,180,180,180,180,180,180,180,180,180,180,180,180,179.63
20260121,19,177.24,177,177,177,177,177,177,177,177,177,177,177,177,177,177,177,177,177,177,177,177.24
20260121,20,179.65,180,180,180,180,180,180,180,180,180,180,180,180,180,180,180,180,180,180,180,179.65
20260121,21,172.62,173,173,173,173,173,173,173,173,173,173,173,173,173,173,173,173,173,173,173,172.62
20260121,22,159.94,160,160,160,160,160,160,160,160,160,160,160,160,160,160,160,160,160,160,160,159.94
20260121,23,146.52,147,147,147,147,147,147,147,147,147,147,147,147,147,147,147,147,147,147,147,146.52
20260121,24,139.43,139,139,139,139,139,139,139,139,139,139,139,139,139,139,139,139,139,139,139,139.43
20260122,1,134.11,134,134,134,134,134,134,134,134,134,134,134,134,134,134,134,134,134,134,134,134.11
20260122,2,130.44,130,130,130,130,130,130,130,130,130,130,130,130,130,130,130,130,130,130,130,130.44
20260122,3,129.56,130,130,130,130,130,130,130,130,130,130,130,130,130,130,130,130,130,130,130,129.56
20260122,4,129.17,129,129,129,129,129,129,129,129,129,129,129,129,129,129,129,129,129,129,129,129.17
20260122,5,130.84,131,131,131,131,131,131,131,131,131,131,131,131,131,131,131,131,131,131,131,130.84
20260122,6,139.09,139,139,139,139,139,139,139,139,139,139,139,139,139,139,139,139,139,139,139,139.09
20260122,7,160.06,160,160,160,160,160,160,160,160,160,160,160,160,160,160,160,160,160,160,160,160.06
20260122,8,166.48,166,166,166,166,166,166,166,166,166,166,166,166,166,166,166,166,166,166,166,166.48
20260122,9,195.62,194,194,197,197,197,197,197,194,197,197,197,194,197,197,194,197,194,194,194,197.43
20260122,10,180.77,184,184,155,184,184,184,184,184,155,155,184,184,184,155,184,155,184,184,184,155.26
20260122,11,154.33,156,156,142,156,156,156,156,156,142,142,156,156,156,142,156,142,156,156,156,141.70
20260122,12,154.67,156,156,142,156,156,156,156,156,142,142,156,156,156,142,156,142,156,156,156,141.70
20260122,13,143.39,144,144,142,144,144,144,144,144,142,142,144,144,144,142,144,142,144,144,144,142.03
20260122,14,144.82,145,145,143,145,145,145,145,145,143,143,145,145,145,143,145,143,145,145,145,143.50
20260122,15,159.09,159,159,159,159,159,159,159,159,159,159,159,159,159,159,159,159,159,159,159,159.09
20260122,16,159.50,160,160,160,160,160,160,160,160,160,160,160,160,160,160,160,160,160,160,160,159.50
20260122,17,185.62,186,186,186,186,186,186,186,186,186,186,186,186,186,186,186,186,186,186,186,185.62
20260122,18,189.40,181,181,201,201,201,201,201,181,201,201,201,181,201,201,181,201,181,181,181,201.19
20260122,19,195.82,193,193,200,200,200,200,200,193,200,200,200,193,200,200,193,200,193,193,193,200.13
20260122,20,197.27,190,190,206,206,206,206,206,190,206,206,206,190,206,206,190,206,190,190,190,206.28
20260122,21,166.83,162,162,176,162,176,176,176,162,176,176,176,162,176,176,162,176,162,162,162,176.15
20260122,22,176.94,177,177,177,177,177,177,177,177,177,177,177,177,177,177,177,177,177,177,177,176.94
20260122,23,155.76,156,156,156,156,156,156,156,156,156,156,156,156,156,156,156,156,156,156,156,155.76
20260122,24,143.30,143,143,143,143,143,143,143,143,143,143,143,143,143,143,143,143,143,143,143,143.30
20260123,1,140.00,140,140,140,140,140,140,140,140,140,140,140,140,140,140,140,140,140,140,140,140.00
20260123,2,138.18,138,138,138,138,138,138,138,138,138,138,138,138,138,138,138,138,138,138,138,138.18
20260123,3,136.97,137,137,137,137,137,137,137,137,137,137,137,137,137,137,137,137,137,137,137,136.97
20260123,4,137.11,137,137,137,137,137,137,137,137,137,137,137,137,137,137,137,137,137,137,137,137.11
20260123,5,136.70,137,137,137,137,137,137,137,137,137,137,137,137,137,137,137,137,137,137,137,136.70
20260123,6,139.37,139,139,139,139,139,139,139,139,139,139,139,139,139,139,139,139,139,139,139,139.37
20260123,7,156.99,157,157,157,157,157,157,157,157,157,157,157,157,157,157,157,157,157,157,157,156.99
20260123,8,180.00,180,180,180,180,180,180,180,180,180,180,180,180,180,180,180,180,180,180,180,180.00
20260123,9,194.86,195,195,195,195,195,195,195,195,195,195,195,195,195,195,195,195,195,195,195,194.86
20260123,10,189.92,190,190,190,190,190,190,190,190,190,190,190,190,190,190,190,190,190,190,190,189.92
20260123,11,175.70,176,176,172,176,176,176,176,176,172,172,176,176,176,172,176,172,176,176,176,171.76
20260123,12,165.50,167,167,151,167,167,167,167,167,151,151,167,167,167,151,167,151,167,167,167,151.17
20260123,13,155.58,160,160,146,160,146,160,146,160,146,146,146,160,146,146,160,146,160,160,160,146.06
20260123,14,155.62,160,160,146,160,146,160,146,160,146,146,146,160,146,146,160,146,160,160,160,146.05
20260123,15,159.47,160,160,158,160,158,160,158,160,158,158,158,160,158,158,160,158,160,160,160,158.30
20260123,16,169.00,169,169,169,169,169,169,169,169,169,169,169,169,169,169,169,169,169,169,169,169.00
20260123,17,176.31,176,176,176,176,176,176,176,176,176,176,176,176,176,176,176,176,176,176,176,176.31
20260123,18,168.00,168,168,168,168,168,168,168,168,168,168,168,168,168,168,168,168,168,168,168,168.00
20260123,19,167.52,168,168,168,168,168,168,168,168,168,168,168,168,168,168,168,168,168,168,168,167.52
20260123,20,163.21,163,163,163,163,163,163,163,163,163,163,163,163,163,163,163,163,163,163,163,163.21
20260123,21,154.48,154,154,154,154,154,154,154,154,154,154,154,154,154,154,154,154,154,154,154,154.48
20260123,22,157.86,158,158,158,158,158,158,158,158,158,158,158,158,158,158,158,158,158,158,158,157.86
20260123,23,141.91,142,142,142,142,142,142,142,142,142,142,142,142,142,142,142,142,142,142,142,141.91
20260123,24,137.53,138,138,138,138,138,138,138,138,138,138,138,138,138,138,138,138,138,138,138,137.53
20260124,1,143.40,143,143,143,143,143,143,143,143,143,143,143,143,143,143,143,143,143,143,143,143.40
20260124,2,135.20,135,135,135,135,135,135,135,135,135,135,135,135,135,135,135,135,135,135,135,135.20
20260124,3,128.08,128,128,128,128,128,128,128,128,128,128,128,128,128,128,128,128,128,128,128,128.08
20260124,4,127.30,127,127,127,127,127,127,127,127,127,127,127,127,127,127,127,127,127,127,127,127.30
20260124,5,126.04,126,126,126,126,126,126,126,126,126,126,126,126,126,126,126,126,126,126,126,126.04
20260124,6,128.12,128,128,128,128,128,128,128,128,128,128,128,128,128,128,128,128,128,128,128,128.12
20260124,7,129.69,130,130,130,130,130,130,130,130,130,130,130,130,130,130,130,130,130,130,130,129.69
20260124,8,143.15,143,143,143,143,143,143,143,143,143,143,143,143,143,143,143,143,143,143,143,143.15
20260124,9,150.90,151,151,151,151,151,151,151,151,151,151,151,151,151,151,151,151,151,151,151,150.90
20260124,10,151.42,153,153,140,153,153,153,153,153,140,140,153,153,153,140,153,140,153,153,153,140.34
20260124,11,148.35,154,154,111,154,154,154,154,154,111,111,154,154,154,111,154,111,154,154,154,111.17
20260124,12,145.74,148,148,130,148,148,148,148,148,130,130,148,148,148,130,148,130,148,148,148,130.23
20260124,13,133.70,140,140,122,140,122,140,122,140,122,122,122,140,122,122,140,122,140,140,140,121.94
20260124,14,131.50,137,137,119,137,124,137,124,137,119,119,124,137,124,119,137,119,137,137,137,119.09
20260124,15,130.91,131,131,131,131,131,131,131,131,131,131,131,131,131,131,131,131,131,131,131,130.91
20260124,16,137.70,138,138,138,138,138,138,138,138,138,138,138,138,138,138,138,138,138,138,138,137.70
20260124,17,142.90,143,143,143,143,143,143,143,143,143,143,143,143,143,143,143,143,143,143,143,142.90
20260124,18,150.10,150,150,150,150,150,150,150,150,150,150,150,150,150,150,150,150,150,150,150,150.10
20260124,19,151.28,151,151,151,151,151,151,151,151,151,151,151,151,151,151,151,151,151,151,151,151.28
20260124,20,148.21,148,148,148,148,148,148,148,148,148,148,148,148,148,148,148,148,148,148,148,148.21
20260124,21,145.36,145,145,145,145,145,145,145,145,145,145,145,145,145,145,145,145,145,145,145,145.36
20260124,22,131.77,132,132,132,132,132,132,132,132,132,132,132,132,132,132,132,132,132,132,132,131.77
20260124,23,132.34,132,132,132,132,132,132,132,132,132,132,132,132,132,132,132,132,132,132,132,132.34
20260124,24,129.10,129,129,129,129,129,129,129,129,129,129,129,129,129,129,129,129,129,129,129,129.10
20260125,1,133.35,133,133,133,133,133,133,133,133,133,133,133,133,133,133,133,133,133,133,133,133.35
20260125,2,126.22,126,126,126,126,126,126,126,126,126,126,126,126,126,126,126,126,126,126,126,126.22
20260125,3,117.42,117,117,117,117,117,117,117,117,117,117,117,117,117,117,117,117,117,117,117,117.42
20260125,4,116.94,117,117,117,117,117,117,117,117,117,117,117,117,117,117,117,117,117,117,117,116.94
20260125,5,112.26,112,112,112,112,112,112,112,112,112,112,112,112,112,112,112,112,112,112,112,112.26
20260125,6,111.91,112,112,112,112,112,112,112,112,112,112,112,112,112,112,112,112,112,112,112,111.91
20260125,7,116.07,116,116,116,116,116,116,116,116,116,116,116,116,116,116,116,116,116,116,116,116.07
20260125,8,117.00,117,117,117,117,117,117,117,117,117,117,117,117,117,117,117,117,117,117,117,117.00
20260125,9,127.96,128,128,128,128,128,128,128,128,128,128,128,128,128,128,128,128,128,128,128,127.96
20260125,10,136.95,137,137,137,137,137,137,137,137,137,137,137,137,137,137,137,137,137,137,137,136.95
20260125,11,137.07,137,137,137,137,137,137,137,137,137,137,137,137,137,137,137,137,137,137,137,137.07
20260125,12,135.51,136,136,136,136,136,136,136,136,136,136,136,136,136,136,136,136,136,136,136,135.51
20260125,13,135.00,135,135,135,135,135,135,135,135,135,135,135,135,135,135,135,135,135,135,135,135.00
20260125,14,126.83,132,132,118,132,118,132,118,132,118,118,118,132,118,118,132,118,132,132,132,118.06
20260125,15,125.02,132,132,114,132,114,132,114,132,114,114,114,132,114,114,132,114,132,132,132,113.75
20260125,16,128.32,128,128,128,128,128,128,128,128,128,128,128,128,128,128,128,128,128,128,128,128.32
20260125,17,132.72,133,133,133,133,133,133,133,133,133,133,133,133,133,133,133,133,133,133,133,132.72
20260125,18,139.75,140,140,140,140,140,140,140,140,140,140,140,140,140,140,140,140,140,140,140,139.75
20260125,19,142.24,142,142,142,142,142,142,142,142,142,142,142,142,142,142,142,142,142,142,142,142.24
20260125,20,144.79,145,145,145,145,145,145,145,145,145,145,145,145,145,145,145,145,145,145,145,144.79
20260125,21,140.56,141,141,141,141,141,141,141,141,141,141,141,141,141,141,141,141,141,141,141,140.56
20260125,22,133.60,134,134,134,134,134,134,134,134,134,134,134,134,134,134,134,134,134,134,134,133.60
20260125,23,130.00,130,130,130,130,130,130,130,130,130,130,130,130,130,130,130,130,130,130,130,130.00
20260125,24,122.31,122,122,122,122,122,122,122,122,122,122,122,122,122,122,122,122,122,122,122,122.31
20260126,1,125.11,125,125,125,125,125,125,125,125,125,125,125,125,125,125,125,125,125,125,125,125.11
20260126,2,122.25,122,122,122,122,122,122,122,122,122,122,122,122,122,122,122,122,122,122,122,122.25
20260126,3,120.30,120,120,120,120,120,120,120,120,120,120,120,120,120,120,120,120,120,120,120,120.30
20260126,4,122.49,122,122,122,122,122,122,122,122,122,122,122,122,122,122,122,122,122,122,122,122.49
20260126,5,122.21,122,122,122,122,122,122,122,122,122,122,122,122,122,122,122,122,122,122,122,122.21
20260126,6,129.99,130,130,130,130,130,130,130,130,130,130,130,130,130,130,130,130,130,130,130,129.99
20260126,7,140.11,140,140,140,140,140,140,140,140,140,140,140,140,140,140,140,140,140,140,140,140.11
20260126,8,162.34,162,162,162,162,162,162,162,162,162,162,162,162,162,162,162,162,162,162,162,162.34
20260126,9,168.07,171,171,146,171,171,171,171,171,146,146,171,171,171,146,171,146,171,171,171,145.53
20260126,10,176.35,181,181,145,181,181,181,181,181,145,145,181,181,181,145,181,145,181,181,181,145.37
20260126,11,172.44,177,177,137,177,177,177,177,177,137,137,177,177,177,137,177,137,177,177,177,137.20
20260126,12,163.12,168,168,130,168,168,168,168,168,130,130,168,168,168,130,168,130,168,168,168,129.87
20260126,13,149.95,151,151,144,151,150,151,150,151,144,144,150,151,150,144,151,144,151,151,151,144.19
20260126,14,149.44,150,150,145,150,150,150,150,150,145,145,150,150,150,145,150,145,150,150,150,145.37
20260126,15,155.78,158,158,151,158,152,158,152,158,151,151,152,158,152,151,158,151,158,158,158,151.14
20260126,16,164.11,164,164,164,164,164,164,164,164,164,164,164,164,164,164,164,164,164,164,164,164.11
20260126,17,157.84,158,158,158,158,158,158,158,158,158,158,158,158,158,158,158,158,158,158,158,157.84
20260126,18,173.10,173,173,173,173,173,173,173,173,173,173,173,173,173,173,173,173,173,173,173,173.10
20260126,19,167.92,168,168,168,168,168,168,168,168,168,168,168,168,168,168,168,168,168,168,168,167.92
20260126,20,173.58,174,174,174,174,174,174,174,174,174,174,174,174,174,174,174,174,174,174,174,173.58
20260126,21,157.14,157,157,157,157,157,157,157,157,157,157,157,157,157,157,157,157,157,157,157,157.14
20260126,22,146.61,147,147,147,147,147,147,147,147,147,147,147,147,147,147,147,147,147,147,147,146.61
20260126,23,138.93,139,139,139,139,139,139,139,139,139,139,139,139,139,139,139,139,139,139,139,138.93
20260126,24,128.60,129,129,129,129,129,129,129,129,129,129,129,129,129,129,129,129,129,129,129,128.60
20260127,1,126.44,126,126,126,126,126,126,126,126,126,126,126,126,126,126,126,126,126,126,126,126.44
20260127,2,126.00,126,126,126,126,126,126,126,126,126,126,126,126,126,126,126,126,126,126,126,126.00
20260127,3,128.48,128,128,128,128,128,128,128,128,128,128,128,128,128,128,128,128,128,128,128,128.48
20260127,4,129.33,129,129,129,129,129,129,129,129,129,129,129,129,129,129,129,129,129,129,129,129.33
20260127,5,127.48,127,127,127,127,127,127,127,127,127,127,127,127,127,127,127,127,127,127,127,127.48
20260127,6,132.94,133,133,133,133,133,133,133,133,133,133,133,133,133,133,133,133,133,133,133,132.94
20260127,7,145.98,146,146,146,146,146,146,146,146,146,146,146,146,146,146,146,146,146,146,146,145.98
20260127,8,184.00,184,184,184,184,184,184,184,184,184,184,184,184,184,184,184,184,184,184,184,184.00
20260127,9,192.96,193,193,193,193,193,193,193,193,193,193,193,193,193,193,193,193,193,193,193,192.96
20260127,10,169.97,171,171,167,171,168,171,168,171,167,167,168,171,168,167,171,167,171,171,171,166.81
20260127,11,157.65,162,162,133,162,158,162,158,162,133,133,158,162,158,133,162,133,162,162,162,133.12
20260127,12,148.00,156,156,115,156,141,156,141,156,115,115,141,156,141,115,156,115,156,156,156,115.10
20260127,13,140.31,145,145,119,145,138,145,138,145,119,119,138,145,138,119,145,119,145,145,145,119.33
20260127,14,140.49,147,147,120,147,130,147,130,147,120,120,130,147,130,120,147,120,147,147,147,120.10
20260127,15,147.40,155,155,123,155,135,155,135,155,123,123,135,155,135,123,155,123,155,155,155,122.70
20260127,16,160.48,165,165,141,165,156,165,156,165,141,141,156,165,156,141,165,141,165,165,165,141.49
20260127,17,170.04,170,170,170,170,170,170,170,170,170,170,170,170,170,170,170,170,170,170,170,170.04
20260127,18,168.64,169,169,169,169,169,169,169,169,169,169,169,169,169,169,169,169,169,169,169,168.64
20260127,19,175.00,175,175,175,175,175,175,175,175,175,175,175,175,175,175,175,175,175,175,175,175.00
20260127,20,168.10,168,168,168,168,168,168,168,168,168,168,168,168,168,168,168,168,168,168,168,168.10
20260127,21,166.10,166,166,166,166,166,166,166,166,166,166,166,166,166,166,166,166,166,166,166,166.10
20260127,22,146.52,147,147,147,147,147,147,147,147,147,147,147,147,147,147,147,147,147,147,147,146.52
20260127,23,139.04,140,140,138,140,138,140,138,140,138,138,138,140,138,138,140,138,140,140,140,137.55
20260127,24,131.92,132,132,132,132,132,132,132,132,132,132,132,132,132,132,132,132,132,132,132,131.63
20260128,1,127.73,128,128,128,128,128,128,128,128,128,128,128,128,128,128,128,128,128,128,128,127.73
20260128,2,125.12,126,126,124,126,124,126,124,126,124,124,124,126,124,124,126,124,126,126,126,123.97
20260128,3,118.84,119,119,119,119,119,119,119,119,119,119,119,119,119,119,119,119,119,119,119,118.84
20260128,4,118.80,119,119,119,119,119,119,119,119,119,119,119,119,119,119,119,119,119,119,119,118.80
20260128,5,124.82,125,125,125,125,125,125,125,125,125,125,125,125,125,125,125,125,125,125,125,124.82
20260128,6,128.36,130,130,125,130,125,130,125,130,125,125,125,130,125,125,130,125,130,130,130,124.96
20260128,7,148.05,151,151,142,151,142,151,142,151,142,142,142,151,142,142,151,142,151,151,151,141.54
20260128,8,152.08,152,152,152,152,152,152,152,152,152,152,152,152,152,152,152,152,152,152,152,152.08
20260128,9,170.16,170,170,170,170,170,170,170,170,170,170,170,170,170,170,170,170,170,170,170,170.16
20260128,10,173.16,180,180,158,180,158,180,158,180,158,158,158,180,158,158,180,158,180,180,180,157.76
20260128,11,173.52,181,181,153,181,158,181,158,181,153,153,158,181,158,153,181,153,181,181,181,153.15
20260128,12,167.34,184,184,121,184,134,184,134,184,121,121,134,184,134,121,184,121,184,184,184,121.32
20260128,13,158.28,176,176,116,176,122,176,122,176,116,116,122,176,122,116,176,116,176,176,176,116.16
20260128,14,157.03,175,175,109,175,123,175,123,175,109,109,123,175,123,109,175,109,175,175,175,109.39
20260128,15,156.12,178,178,108,178,108,178,108,178,108,108,108,178,108,108,178,108,178,178,178,108.27
20260128,16,157.29,173,173,120,173,123,173,123,173,120,120,123,173,123,120,173,120,173,173,173,120.10
20260128,17,165.41,172,172,123,172,172,172,172,172,123,123,172,172,172,123,172,123,172,172,172,122.82
20260128,18,166.76,170,170,148,170,170,170,170,170,148,148,170,170,170,148,170,148,170,170,170,148.21
20260128,19,168.05,170,170,153,170,170,170,170,170,153,153,170,170,170,153,170,153,170,170,170,153.15
20260128,20,162.38,163,163,160,163,163,163,163,163,160,160,163,163,163,160,163,160,163,163,163,160.28
20260128,21,153.34,153,153,153,153,153,153,153,153,153,153,153,153,153,153,153,153,153,153,153,153.34
20260128,22,150.18,150,150,150,150,150,150,150,150,150,150,150,150,150,150,150,150,150,150,150,150.18
20260128,23,141.94,142,142,142,142,142,142,142,142,142,142,142,142,142,142,142,142,142,142,142,141.94
20260128,24,133.55,134,134,134,134,134,134,134,134,134,134,134,134,134,134,134,134,134,134,134,133.55
20260129,1,125.00,125,125,125,125,125,125,125,125,125,125,125,125,125,125,125,125,125,125,125,125.00
20260129,2,121.60,122,122,122,122,122,122,122,122,122,122,122,122,122,122,122,122,122,122,122,121.60
20260129,3,126.44,126,126,126,126,126,126,126,126,126,126,126,126,126,126,126,126,126,126,126,126.44
20260129,4,126.72,127,127,127,127,127,127,127,127,127,127,127,127,127,127,127,127,127,127,127,126.72
20260129,5,123.15,123,123,123,123,123,123,123,123,123,123,123,123,123,123,123,123,123,123,123,123.15
20260129,6,124.50,125,125,125,125,125,125,125,125,125,125,125,125,125,125,125,125,125,125,125,124.50
20260129,7,141.16,141,141,141,141,141,141,141,141,141,141,141,141,141,141,141,141,141,141,141,141.16
20260129,8,162.76,163,163,163,163,163,163,163,163,163,163,163,163,163,163,163,163,163,163,163,162.76
20260129,9,173.11,173,173,168,173,173,173,173,173,173,168,173,173,173,168,173,173,173,173,173,173.44
20260129,10,172.08,176,176,141,176,169,176,169,176,169,141,169,176,169,141,176,169,176,176,176,168.65
20260129,11,162.08,175,175,135,175,135,175,135,175,135,135,135,175,135,135,175,135,175,175,175,135.13
20260129,12,159.11,172,172,131,172,131,172,131,172,131,131,131,172,131,131,172,131,172,172,172,130.90
20260129,13,150.72,163,163,127,163,127,163,127,163,127,127,127,163,127,127,163,127,163,163,163,126.53
20260129,14,146.96,160,160,120,160,120,160,120,160,120,120,120,160,120,120,160,120,160,160,160,120.10
20260129,15,148.58,160,160,125,160,125,160,125,160,125,125,125,160,125,125,160,125,160,160,160,124.80
20260129,16,150.34,161,161,128,161,128,161,128,161,128,128,128,161,128,128,161,128,161,161,161,128.46
20260129,17,156.35,158,158,144,158,158,158,158,158,144,144,158,158,158,144,158,144,158,158,158,143.68
20260129,18,162.76,163,163,158,163,163,163,163,163,158,158,163,163,163,158,163,158,163,163,163,158.09
20260129,19,162.08,162,162,162,162,162,162,162,162,162,162,162,162,162,162,162,162,162,162,162,162.08
20260129,20,159.67,160,160,160,160,160,160,160,160,160,160,160,160,160,160,160,160,160,160,160,159.67
20260129,21,148.40,148,148,148,148,148,148,148,148,148,148,148,148,148,148,148,148,148,148,148,148.40
20260129,22,139.22,139,139,139,139,139,139,139,139,139,139,139,139,139,139,139,139,139,139,139,139.22
20260129,23,133.51,134,134,134,134,134,134,134,134,134,134,134,134,134,134,134,134,134,134,134,133.51
20260129,24,127.90,128,128,128,128,128,128,128,128,128,128,128,128,128,128,128,128,128,128,128,127.90
20260130,1,121.66,122,122,122,122,122,122,122,122,122,122,122,122,122,122,122,122,122,122,122,121.66
20260130,2,122.90,123,123,123,123,123,123,123,123,123,123,123,123,123,123,123,123,123,123,123,122.90
20260130,3,120.22,120,120,120,120,120,120,120,120,120,120,120,120,120,120,120,120,120,120,120,120.22
20260130,4,118.46,118,118,118,118,118,118,118,118,118,118,118,118,118,118,118,118,118,118,118,118.46
20260130,5,122.69,123,123,123,123,123,123,123,123,123,123,123,123,123,123,123,123,123,123,123,122.69
20260130,6,122.69,123,123,123,123,123,123,123,123,123,123,123,123,123,123,123,123,123,123,123,122.69
20260130,7,135.79,136,136,136,136,136,136,136,136,136,136,136,136,136,136,136,136,136,136,136,135.79
20260130,8,153.31,153,153,153,153,153,153,153,153,153,153,153,153,153,153,153,153,153,153,153,153.31
20260130,9,161.01,161,161,161,161,161,161,161,161,161,161,161,161,161,161,161,161,161,161,161,161.01
20260130,10,159.81,162,162,142,162,162,162,162,162,142,142,162,162,162,142,162,142,162,162,162,142.36
20260130,11,148.51,153,153,121,153,148,153,148,153,121,121,148,153,148,121,153,121,153,153,153,120.92
20260130,12,143.81,152,152,120,152,128,152,128,152,120,120,128,152,128,120,152,120,152,152,152,120.10
20260130,13,138.19,145,145,124,145,124,145,124,145,124,124,124,145,124,124,145,124,145,145,145,124.18
20260130,14,134.82,141,141,121,141,121,141,121,141,121,121,121,141,121,121,141,121,141,141,141,121.21
20260130,15,139.65,143,143,132,143,132,143,132,143,132,132,132,143,132,132,143,132,143,143,143,132.06
20260130,16,145.35,146,146,143,146,145,146,145,146,145,143,145,146,145,143,146,145,146,146,146,145.38
20260130,17,150.00,150,150,150,150,150,150,150,150,150,150,150,150,150,150,150,150,150,150,150,150.00
20260130,18,151.00,151,151,151,151,151,151,151,151,151,151,151,151,151,151,151,151,151,151,151,151.00
20260130,19,151.61,152,152,152,152,152,152,152,152,152,152,152,152,152,152,152,152,152,152,152,151.61
20260130,20,151.00,151,151,151,151,151,151,151,151,151,151,151,151,151,151,151,151,151,151,151,151.00
20260130,21,150.10,150,150,150,150,150,150,150,150,150,150,150,150,150,150,150,150,150,150,150,150.10
20260130,22,139.26,139,139,139,139,139,139,139,139,139,139,139,139,139,139,139,139,139,139,139,139.26
20260130,23,134.15,134,134,134,134,134,134,134,134,134,134,134,134,134,134,134,134,134,134,134,134.15
20260130,24,130.09,130,130,130,130,130,130,130,130,130,130,130,130,130,130,130,130,130,130,130,130.09
20260131,1,135.20,135,135,135,135,135,135,135,135,135,135,135,135,135,135,135,135,135,135,135,135.20
20260131,2,129.80,130,130,130,130,130,130,130,130,130,130,130,130,130,130,130,130,130,130,130,129.80
20260131,3,125.09,125,125,125,125,125,125,125,125,125,125,125,125,125,125,125,125,125,125,125,125.09
20260131,4,123.76,124,124,124,124,124,124,124,124,124,124,124,124,124,124,124,124,124,124,124,123.76
20260131,5,123.75,124,124,124,124,124,124,124,124,124,124,124,124,124,124,124,124,124,124,124,123.75
20260131,6,124.10,124,124,124,124,124,124,124,124,124,124,124,124,124,124,124,124,124,124,124,124.10
20260131,7,128.21,128,128,128,128,128,128,128,128,128,128,128,128,128,128,128,128,128,128,128,128.21
20260131,8,139.05,139,139,139,139,139,139,139,139,139,139,139,139,139,139,139,139,139,139,139,139.05
20260131,9,146.10,146,146,146,146,146,146,146,146,146,146,146,146,146,146,146,146,146,146,146,146.10
20260131,10,141.76,142,142,142,142,142,142,142,142,142,142,142,142,142,142,142,142,142,142,142,141.76
20260131,11,133.20,133,133,133,133,133,133,133,133,133,133,133,133,133,133,133,133,133,133,133,133.20
20260131,12,124.02,124,124,124,124,124,124,124,124,124,124,124,124,124,124,124,124,124,124,124,124.02
20260131,13,122.01,122,122,122,122,122,122,122,122,122,122,122,122,122,122,122,122,122,122,122,122.01
20260131,14,119.04,119,119,119,119,119,119,119,119,119,119,119,119,119,119,119,119,119,119,119,119.04
20260131,15,120.10,120,120,120,120,120,120,120,120,120,120,120,120,120,120,120,120,120,120,120,120.10
20260131,16,123.70,124,124,124,124,124,124,124,124,124,124,124,124,124,124,124,124,124,124,124,123.70
20260131,17,136.49,136,136,136,136,136,136,136,136,136,136,136,136,136,136,136,136,136,136,136,136.49
20260131,18,148.35,148,148,148,148,148,148,148,148,148,148,148,148,148,148,148,148,148,148,148,148.35
20260131,19,150.20,150,150,150,150,150,150,150,150,150,150,150,150,150,150,150,150,150,150,150,150.20
20260131,20,148.60,149,149,149,149,149,149,149,149,149,149,149,149,149,149,149,149,149,149,149,148.60
20260131,21,142.10,142,142,142,142,142,142,142,142,142,142,142,142,142,142,142,142,142,142,142,142.10
20260131,22,129.74,130,130,130,130,130,130,130,130,130,130,130,130,130,130,130,130,130,130,130,129.74
20260131,23,125.51,126,126,126,126,126,126,126,126,126,126,126,126,126,126,126,126,126,126,126,125.51
20260131,24,122.08,122,122,122,122,122,122,122,122,122,122,122,122,122,122,122,122,122,122,122,122.08
